name,email,dept_name
Michael Avila,masonlinda@example.com,Chemistry
Kristie Riley,robertschristopher@example.com,Mathematics
Derek Myers,dhenderson@example.net,Information Technology
Tabitha Barrett,nrodriguez@example.com,Mathematics
Robin Griffin,meganmaldonado@example.net,Business Administration
Frank Knox,hensonkristina@example.org,Economics
Kimberly Jacobs,fsmith@example.com,Mechanical
Lance David,crystal90@example.com,Information Technology
April Moore,zhill@example.com,Physics
John Rodriguez,xbaker@example.com,Information Technology
Gabrielle Cook,jthomas@example.com,Civil
Stephanie Herman,courtney84@example.com,Computer Science
Antonio Cameron,amy98@example.com,Information Technology
Michelle Mckay,tony66@example.org,Electrical
Rachel Roach,elizabeth17@example.org,Physics
Toni Williams,nicholasnielsen@example.com,Mechanical
Nicholas Christensen,chunt@example.net,Electronics
Matthew Vasquez,pdyer@example.com,Physics
Lisa Kerr,znelson@example.org,Chemistry
Alex Whitaker,john56@example.net,Physics
Emily Bowers,emily24@example.org,Mechanical
Derek Mccoy,wmyers@example.net,Economics
Robert Williams,dannyterry@example.org,Computer Science
David Beltran,peter71@example.org,Biotechnology
Tanner Maynard,sara45@example.com,Civil
Mike Mcguire,rebeccahunter@example.com,Civil
Carrie Mccoy,catherinewatts@example.com,Civil
Joseph Mathews,ronnie47@example.net,Mathematics
Sandra Cruz,paul11@example.net,Physics
Mary Hampton,ortizkimberly@example.com,Mechanical
James Schwartz,paula29@example.org,Computer Science
Micheal Meyer,leslie33@example.org,Biotechnology
Wendy Rogers,randy45@example.net,Electrical
Robin Campbell,kathrynperkins@example.net,Mathematics
James Montgomery,evansmaria@example.com,Mathematics
James Heath,udavis@example.com,Chemistry
Craig Gates,brandon15@example.com,Business Administration
Shane Moore,qwalker@example.com,Electrical
Tabitha Clark,anthonyfoster@example.net,Mechanical
Mary Baker,rclark@example.com,Mechanical
Brenda Hodge,donnaleonard@example.org,Computer Science
Jillian Green,fergusonlisa@example.com,Business Administration
Ashley Hall,vincenttimothy@example.org,Civil
Emily Kennedy,velezmark@example.com,Electronics
Timothy Smith,lauren27@example.com,Electrical
Ricky Copeland,dmccormick@example.org,Electronics
Rebecca Aguirre,steven40@example.net,Biotechnology
Jennifer Michael,ashleyedwin@example.org,Chemistry
Samuel Smith,william43@example.net,Mathematics
Nicholas Richardson,spencebenjamin@example.com,Physics
Alfred Hughes,cmoore@example.org,Mechanical
John Schultz,deborah51@example.org,Information Technology
Monica Howard,owenssteven@example.org,Mathematics
Jesus Sims,washingtonelizabeth@example.com,Mechanical
Scott White,laurie21@example.net,Chemistry
Bruce Jones,timothy11@example.org,Electronics
Eric Martinez,icollins@example.com,Information Technology
Richard Blackburn,lindsayschultz@example.net,Business Administration
Reginald Wheeler,allenbrandon@example.net,Chemistry
Raymond Reese,williamsamber@example.com,Mechanical
Dr. Jesus Day,andrew65@example.net,Information Technology
Maria Tucker,victoriabaker@example.com,Business Administration
Adam Edwards,isweeney@example.net,Physics
Lauren Miranda,danaharris@example.net,Mathematics
Margaret Harrison,colemanamber@example.com,Mechanical
Steven Barron,clozano@example.net,Computer Science
Kevin Tyler,tina37@example.net,Chemistry
Jennifer Hardin,chapmanelizabeth@example.com,Civil
John Boyd,pottsjessica@example.net,Chemistry
Jeffrey Martin,michele24@example.com,Economics
Casey Thompson,mcclainchristopher@example.net,Mathematics
Chelsea Glass,melendezgeorge@example.org,Chemistry
Daniel Peterson,kayla47@example.com,Civil
Morgan Thomas,tuckermorgan@example.net,Electronics
Crystal Gordon,bradley64@example.net,Electronics
Frances Smith,kelly17@example.org,Biotechnology
Jose Campos,qhuang@example.net,Civil
Janice Young,bdixon@example.net,Electronics
Gary Garcia,adrian42@example.com,Civil
Katrina Rodriguez MD,kyle95@example.org,Business Administration
Mr. Andrew Charles,hannah62@example.org,Economics
Krista Orr,daniel11@example.com,Mechanical
Jennifer Gilmore,evanssierra@example.net,Physics
Michael Burnett,djohnson@example.net,Chemistry
Edward Mcdowell,fcosta@example.com,Electrical
Rebecca Williams,danielle42@example.net,Mathematics
Anthony Adams,james19@example.org,Electrical
Scott Miller,amanda27@example.com,Business Administration
David Ross,iandrade@example.com,Physics
Amy Rodriguez,rebeccalawson@example.com,Economics
Amanda Koch,nunezjohn@example.com,Electronics
Rita Carroll,brian30@example.net,Electrical
Jeanette Armstrong,phillipwilliams@example.com,Mechanical
Kristen Morgan,amy38@example.com,Biotechnology
Billy Maxwell,cheryl82@example.net,Civil
Jennifer King,hallvictoria@example.org,Information Technology
Jamie Harris,tammy90@example.net,Computer Science
Amanda Patel,aherman@example.com,Chemistry
Trevor Irwin,christinajoseph@example.org,Information Technology
Morgan Hamilton,wolfesusan@example.net,Computer Science
Cindy Mclaughlin,liunina@example.org,Physics
Carol Foster,juliamorales@example.org,Physics
Casey Norris,staceyjohnston@example.net,Civil
Megan Woodard,calvinzavala@example.net,Mathematics
Robert Walker,williamsontracy@example.com,Business Administration
Kimberly Cardenas,nicole31@example.org,Business Administration
Adam Conway,jonestom@example.net,Computer Science
Craig Gonzalez,michellenichols@example.org,Mechanical
Jacob Anthony,leerios@example.org,Civil
Martin Wilkerson,radams@example.org,Civil
Jason Hansen,ncunningham@example.net,Information Technology
Michael Ruiz,rmercado@example.org,Electrical
Caitlyn Ruiz,raymond24@example.net,Electronics
Kimberly Johnston,emedina@example.com,Economics
Scott Hunt,charles24@example.org,Physics
Brandon Bonilla,jennifermunoz@example.com,Mathematics
Lisa Morales,arellanodylan@example.com,Civil
Tracey King,lorikelly@example.org,Computer Science
Adam Mann,garyhunt@example.net,Electrical
Ronald Williams,thomasvillanueva@example.org,Information Technology
Theresa Smith,dylandecker@example.org,Physics
Ethan Johnson,rebecca50@example.net,Electrical
Elizabeth Horne,fitzgeraldkathleen@example.org,Civil
Kathryn White,bryanmann@example.org,Mechanical
David Wright,anamedina@example.com,Computer Science
Mary Marshall,williamsonrichard@example.org,Economics
Ryan Smith,icox@example.org,Physics
Valerie Mitchell,raymond99@example.org,Electrical
Kim Wells,jmoore@example.com,Mathematics
Michelle Silva,martindebra@example.com,Electronics
Elizabeth Moon,erik56@example.com,Business Administration
Tony Fields,twalter@example.org,Civil
Justin Green,veronicawalton@example.com,Biotechnology
Lindsay Klein,rhouse@example.org,Physics
Amber Osborn,wilkersongregory@example.net,Chemistry
James Price,lisa62@example.org,Electrical
Jacob Farrell,tiffany30@example.net,Chemistry
Donald Russell,singhshawn@example.com,Economics
Jennifer Patrick,griffinamber@example.com,Economics
Doris Jones,hamptondonna@example.net,Physics
Joseph Mcdonald,batestara@example.net,Electronics
Terry Smith,kbriggs@example.net,Electronics
John Parker,nelsonlinda@example.com,Civil
Michael Walton,ujones@example.net,Physics
Carrie Clark,ryan21@example.org,Business Administration
Elizabeth Hawkins,qgray@example.com,Electronics
Kenneth Davis,bharper@example.org,Computer Science
Grace Gomez,margaret72@example.com,Electronics
Mary Jackson,rebeccafarmer@example.net,Electronics
Jordan Rose,brownmary@example.com,Information Technology
Nancy Hanson,mcdonalddustin@example.com,Electrical
Jason Thompson,david90@example.net,Mechanical
Jessica Contreras,burnettjocelyn@example.org,Civil
Marisa Briggs,john94@example.net,Chemistry
Tamara Garcia,elizabeth19@example.net,Economics
Andres Burke,gabrielle48@example.net,Chemistry
Sheena Moon,kathryn72@example.org,Business Administration
Jason Sosa,whitedestiny@example.net,Electronics
Bradley Moody,antoniogreen@example.net,Business Administration
Gabrielle Watson,kennethbaker@example.com,Information Technology
Lawrence Torres,cdennis@example.net,Business Administration
Adam Garrett,dbrady@example.com,Physics
Kevin Andrade,nicholasrobertson@example.com,Civil
Jessica Phillips,janetsmith@example.com,Mathematics
Andrew Jefferson,lori90@example.org,Economics
Mark Terry,kwells@example.net,Physics
Gina Wu,cassandracordova@example.com,Economics
Jeffrey Mccormick,johnmccullough@example.org,Biotechnology
Lisa Smith,jessica29@example.net,Civil
Nicole Gomez,lambertthomas@example.net,Information Technology
Luis Valenzuela,rallen@example.net,Business Administration
Gabriel Allison,lopezteresa@example.org,Chemistry
Jacob Munoz,michaelperez@example.com,Physics
Ashley Reed,troycoleman@example.com,Mathematics
James Hart,bowersadrienne@example.org,Business Administration
Sierra Lynch,alexis14@example.org,Mathematics
Scott Evans,sarabest@example.org,Chemistry
Mark Garcia,wilkinsonkelly@example.com,Civil
Jill Lopez,dtran@example.com,Physics
Lori Le,kimberly14@example.com,Electronics
Anthony Berry,mark96@example.com,Civil
Travis Bush,amyhunt@example.net,Computer Science
Tonya Hall,longjoshua@example.org,Computer Science
Matthew Weiss,sarah65@example.org,Electrical
Michelle Haley,pconley@example.com,Biotechnology
Jessica Hughes,bishopjonathan@example.org,Electronics
Kurt Solomon,edillon@example.com,Electronics
Crystal Thomas,kellyyoung@example.com,Civil
Justin Brown,wilsonchristine@example.org,Economics
Charles Harris,dlee@example.com,Physics
Angel Hoover,cookdanny@example.net,Information Technology
Michael Johnson,wanda62@example.net,Mathematics
Rhonda George,megan65@example.com,Biotechnology
Jeffery Harris,jeffreyrobinson@example.com,Mechanical
Michael Singh,james39@example.net,Computer Science
Robert Gilbert,valerie68@example.net,Electrical
Thomas Bailey,psullivan@example.net,Physics
William Wells,castillobarbara@example.org,Mathematics
John Morris,lvillegas@example.org,Civil
Timothy Mcintyre,chad43@example.org,Electronics
Jennifer Williams PhD,davisdavid@example.org,Electrical
Eric Baker,jasminepeterson@example.com,Mathematics
Dawn Neal,browntracy@example.net,Chemistry
Andrea Beltran,margaretjohnson@example.net,Computer Science
Molly Williams,kenneth49@example.com,Information Technology
Gabriela Howe,yflores@example.net,Civil
Mary Davis,mckenzie57@example.org,Economics
John Johnson,williamsnoah@example.net,Mechanical
John Newman,jamescantrell@example.org,Mathematics
Kayla Woods,hendersonnicholas@example.org,Civil
Melissa Hogan,juliamoore@example.org,Electrical
Mrs. Joann Williams MD,kathleenthomas@example.net,Mathematics
Elizabeth Potter,patriciamoyer@example.com,Chemistry
Leah Wilcox,bryce41@example.org,Physics
Susan Robles,bandrews@example.com,Computer Science
Kimberly Mcgee,lisa48@example.com,Information Technology
Angela Mann,gilbertpamela@example.net,Chemistry
Richard Reynolds,millertara@example.org,Electrical
Daniel Anderson,huntaustin@example.net,Computer Science
Dawn Bradley,zwright@example.com,Computer Science
Meredith Smith,usmith@example.org,Electrical
Dylan Thompson,lhahn@example.com,Information Technology
Christina Branch,michaelmaxwell@example.org,Business Administration
Brent Burgess,marisa73@example.org,Civil
Matthew Hernandez,eric72@example.net,Electronics
Donald Aguilar,wilsonfelicia@example.com,Mechanical
Robert Adams,jflores@example.net,Business Administration
Joshua Thomas,justinpittman@example.com,Mathematics
James Gallagher,alexandrachavez@example.org,Civil
Veronica Williams,wdalton@example.com,Business Administration
Christopher Coleman,jonathanjohnson@example.org,Physics
Austin Jones,robert75@example.net,Mathematics
Pamela Ramirez,steven80@example.com,Information Technology
Erica Parker,robert53@example.org,Electrical
Emily Strong,bradleycruz@example.com,Computer Science
Elizabeth Lopez,james27@example.com,Economics
Chad Tucker,levinesamantha@example.com,Biotechnology
Leslie Green,masonamber@example.org,Electronics
Samantha Lozano,ricejanice@example.org,Mechanical
Heidi Henderson,hrice@example.org,Electronics
Dean Smith,rbrown@example.org,Business Administration
Katherine Rodriguez,heatherwright@example.net,Biotechnology
Ruben Hubbard,osnyder@example.org,Mechanical
Andrew Holden,bryan87@example.org,Chemistry
Nicholas Hendrix,samanthagarcia@example.org,Chemistry
Clayton Lowery,kristinarodriguez@example.org,Civil
Mia Koch,bruceanna@example.org,Mathematics
Ms. Madison Foster,joelwilliams@example.net,Mathematics
Thomas Fisher,apeterson@example.com,Civil
James Brown,logan37@example.net,Biotechnology
